Mean,Variance,Standard Deviation
76.3,236.20999999999998,15.369124893760215
